lazada.com.ph,sofa,shop-sofas,pcs/free/cover,0
lazada.com.ph,headphone,shop-audio-over-the-ear-headphones,free,0
lazada.com.ph,mono headset,shop-mono-headsets,free,0
lazada.com.ph,mp3 player,shop-mp3-players,free,0
lazada.com.ph,radio,shop-portable-cd-players,free,0
lazada.com.ph,speakers,shop-component-speakers,free,0
lazada.com.ph,smart watch,shop-gadgets-smart-watches,free,0
lazada.com.ph,vr,shop-vr,remote/free,0
lazada.com.ph,laptop,shop-traditional-laptops,free,0
lazada.com.ph,camera,shop-point-shoot,lens/free,0
lazada.com.ph,projectors,shop-projectors-2,free,0
lazada.com.ph,television,shop-televisions,free,0
lazada.com.ph,walkie talkie,shop-walkie-talkie,free,0
lazada.com.ph,earphone,shop-audio-in-ear-headphone,free,0
